Unnamed: 0	#	Name	HP	Attack	Defense	Sp. Atk	Sp. Def	Speed	Generation	Legendary	Version	Types
0	127	Seadra	55	65	95	95	45	85	1	False	Patch 1	Water
1	675	Cubchoo	55	70	40	60	40	40	5	False	Patch 1	Ice
2	431	Deoxys Defense Forme	50	70	160	70	160	90	3	True	Patch 1	Psychic
3	288	Linoone	78	70	61	50	61	100	3	False	Patch 1	Normal
4	749	Honedge	45	80	100	35	37	28	6	False	Patch 1	Steel-Ghost
5	111	Exeggcute	60	40	80	60	45	40	1	False	Patch 1	Grass-Psychic
6	425	Primal Groudon	100	180	160	150	90	90	3	True	Patch 1	Ground-Fire
7	224	Steelix	75	85	200	55	65	30	2	False	Patch 1	Steel-Ground
8	131	Starmie	60	75	85	100	85	115	1	False	Patch 1	Water-Psychic
9	310	Shroomish	60	40	60	40	60	35	3	False	Patch 1	Grass
10	797	Mega Diancie	50	160	110	160	110	110	6	True	Patch 1	Rock-Fairy
11	294	Lotad	40	30	30	40	50	30	3	False	Patch 1	Water-Grass
12	389	Duskull	20	40	90	30	90	25	3	False	Patch 1	Ghost
13	308	Surskit	40	30	32	50	52	65	3	False	Patch 1	Bug-Water
14	216	Misdreavus	60	60	60	85	85	85	2	False	Patch 1	Ghost
15	169	Meganium	80	82	100	83	100	80	2	False	Patch 1	Grass
16	336	Medicham	60	60	75	60	75	80	3	False	Patch 1	Fighting-Psychic
17	342	Minun	60	40	50	75	85	95	3	False	Patch 1	Electric
18	340	Mega Manectric	70	75	80	135	80	135	3	False	Patch 1	Electric
19	46	Wigglytuff	140	70	45	85	50	45	1	False	Patch 1	Normal-Fairy
20	451	Luxray	80	120	79	95	79	70	4	False	Patch 1	Electric
21	529	Probopass	60	55	145	75	150	40	4	False	Patch 1	Rock-Steel
22	499	Mega Lucario	70	145	88	140	70	112	4	False	Patch 1	Fighting-Steel
23	397	Glalie	80	80	80	80	80	80	3	False	Patch 1	Ice
24	635	Cinccino	75	95	60	65	60	115	5	False	Patch 1	Normal
25	414	Mega Metagross	80	145	150	105	110	110	3	False	Patch 1	Steel-Psychic
26	449	Shinx	45	65	34	40	34	45	4	False	Patch 1	Electric
27	770	Aurorus	123	77	72	99	92	58	6	False	Patch 1	Rock-Ice
28	592	Mega Audino	103	60	126	80	126	50	5	False	Patch 1	Normal-Fairy
29	404	Gorebyss	55	84	105	114	75	52	3	False	Patch 1	Water
30	113	Cubone	50	50	95	40	50	35	1	False	Patch 1	Ground
31	659	Ferroseed	44	50	91	24	86	10	5	False	Patch 1	Grass-Steel
32	759	Binacle	42	52	67	39	56	50	6	False	Patch 1	Rock-Water
33	457	Bastiodon	60	52	168	47	138	30	4	False	Patch 1	Rock-Steel
34	70	Kadabra	40	35	30	120	70	105	1	False	Patch 1	Psychic
35	21	Pidgey	40	45	40	35	35	56	1	False	Patch 1	Normal-Flying
36	243	Octillery	75	105	75	105	75	45	2	False	Patch 1	Water
37	541	Dialga	100	120	120	150	100	90	4	True	Patch 1	Steel-Dragon
38	115	Hitmonlee	50	120	53	35	110	87	1	False	Patch 1	Fighting
39	31	Pikachu	35	55	40	50	50	90	1	False	Patch 1	Electric
40	337	Mega Medicham	60	100	85	80	85	100	3	False	Patch 1	Fighting-Psychic
41	106	Hypno	85	73	70	73	115	67	1	False	Patch 1	Psychic
42	22	Pidgeotto	63	60	55	50	50	71	1	False	Patch 1	Normal-Flying
43	187	Pichu	20	40	15	35	35	60	2	False	Patch 1	Electric
44	357	Spoink	60	25	35	70	80	60	3	False	Patch 1	Psychic
45	254	Stantler	73	95	62	85	65	85	2	False	Patch 1	Normal
46	519	Magmortar	75	95	67	125	95	83	4	False	Patch 1	Fire
47	604	Venipede	30	45	59	30	39	57	5	False	Patch 1	Bug-Poison
48	651	Escavalier	70	135	105	60	105	20	5	False	Patch 1	Bug-Steel
49	324	Nosepass	30	45	135	45	90	30	3	False	Patch 1	Rock
50	327	Sableye	50	75	75	65	65	50	3	False	Patch 1	Dark-Ghost
51	769	Amaura	77	59	50	67	63	46	6	False	Patch 1	Rock-Ice
52	762	Dragalge	65	75	90	97	123	44	6	False	Patch 1	Poison-Dragon
53	593	Timburr	75	80	55	25	35	35	5	False	Patch 1	Fighting
54	748	Meowstic Female	74	48	76	83	81	104	6	False	Patch 1	Psychic
55	565	Watchog	60	85	69	60	69	77	5	False	Patch 1	Normal
56	66	Poliwag	40	50	40	40	40	90	1	False	Patch 1	Water
57	788	Gourgeist Super Size	85	100	122	58	75	54	6	False	Patch 1	Ghost-Grass
58	97	Muk	105	105	75	65	100	50	1	False	Patch 1	Poison
59	88	Mega Slowbro	95	75	180	130	80	30	1	False	Patch 1	Water-Psychic
60	789	Bergmite	55	69	85	32	35	28	6	False	Patch 1	Ice
61	609	Petilil	45	35	50	70	50	30	5	False	Patch 1	Grass
62	775	Goomy	45	50	35	55	75	40	6	False	Patch 1	Dragon
63	183	Ariados	70	90	70	60	60	40	2	False	Patch 1	Bug-Poison
64	738	Flabébé	44	38	39	61	79	42	6	False	Patch 1	Fairy
65	680	Stunfisk	109	66	84	81	99	32	5	False	Patch 1	Ground-Electric
66	737	Pyroar	86	68	72	109	66	106	6	False	Patch 1	Fire-Normal
67	385	Kecleon	60	90	70	60	120	40	3	False	Patch 1	Normal
68	223	Gligar	65	75	105	35	65	85	2	False	Patch 1	Ground-Flying
69	329	Mawile	50	85	85	55	55	50	3	False	Patch 1	Steel-Fairy
70	319	Loudred	84	71	43	71	43	48	3	False	Patch 1	Normal
71	793	Xerneas	126	131	95	131	98	99	6	True	Patch 1	Fairy
72	500	Hippopotas	68	72	78	38	42	32	4	False	Patch 1	Ground
73	627	Carracosta	74	108	133	83	65	32	5	False	Patch 1	Water-Rock
74	334	Mega Aggron	70	140	230	60	80	50	3	False	Patch 1	Steel
75	382	Feebas	20	15	20	10	55	80	3	False	Patch 1	Water
76	234	Sneasel	55	95	55	35	75	115	2	False	Patch 1	Dark-Ice
77	699	Volcarona	85	60	65	135	105	100	5	False	Patch 1	Bug-Fire
78	570	Liepard	64	88	50	88	50	106	5	False	Patch 1	Dark
79	231	Shuckle	20	10	230	10	230	5	2	False	Patch 1	Bug-Rock
80	492	Gible	58	70	45	40	45	42	4	False	Patch 1	Dragon-Ground
81	333	Aggron	70	110	180	60	60	50	3	False	Patch 1	Steel-Rock
82	619	Dwebble	50	65	85	35	35	55	5	False	Patch 1	Bug-Rock
83	696	Zweilous	72	85	70	65	70	58	5	False	Patch 1	Dark-Dragon
84	301	Swellow	60	85	60	50	50	125	3	False	Patch 1	Normal-Flying
85	42	Clefable	95	70	73	95	90	60	1	False	Patch 1	Fairy
86	384	Castform	70	70	70	70	70	70	3	False	Patch 1	Normal
87	155	Mega Aerodactyl	80	135	85	70	95	150	1	False	Patch 1	Rock-Flying
88	622	Scrafty	65	90	115	45	115	58	5	False	Patch 1	Dark-Fighting
89	267	Pupitar	70	84	70	65	70	51	2	False	Patch 1	Rock-Ground
90	349	Sharpedo	70	120	40	95	40	95	3	False	Patch 1	Water-Dark
91	716	Meloetta Aria Forme	100	77	77	128	128	90	5	False	Patch 1	Normal-Psychic
92	189	Igglybuff	90	30	15	40	20	15	2	False	Patch 1	Normal-Fairy
93	84	Ponyta	50	85	55	65	65	90	1	False	Patch 1	Fire
94	322	Hariyama	144	120	60	40	60	50	3	False	Patch 1	Fighting
95	24	Mega Pidgeot	83	80	80	135	80	121	1	False	Patch 1	Normal-Flying
96	782	Pumpkaboo Small Size	44	66	70	44	55	56	6	False	Patch 1	Ghost-Grass
97	647	Deerling	60	60	50	40	50	75	5	False	Patch 1	Normal-Grass
98	54	Venonat	60	55	50	40	55	45	1	False	Patch 1	Bug-Poison
99	674	Haxorus	76	147	90	60	70	97	5	False	Patch 1	Dragon
100	419	Mega Latias	80	100	120	140	150	110	3	True	Patch 1	Dragon-Psychic
101	495	Mega Garchomp	108	170	115	120	95	92	4	False	Patch 1	Dragon-Ground
102	241	Corsola	55	55	85	65	85	35	2	False	Patch 1	Water-Rock
103	4	Mega Venusaur	80	100	123	122	120	80	1	False	Patch 1	Grass-Poison
104	57	Dugtrio	35	80	50	50	70	120	1	False	Patch 1	Ground
105	282	Marshtomp	70	85	70	60	70	50	3	False	Patch 1	Water-Ground
106	159	Moltres	90	100	90	125	85	90	1	True	Patch 1	Fire-Flying
107	677	Cryogonal	70	50	30	95	135	105	5	False	Patch 1	Ice
108	140	Magikarp	20	10	55	15	20	80	1	False	Patch 1	Water
109	998	Donald Duck	850	999	999	999	800	900	1	True	Patch 1	Dragon-Rock
110	754	Aromatisse	101	72	72	99	89	29	6	False	Patch 1	Fairy
111	671	Chandelure	60	55	90	145	90	80	5	False	Patch 1	Ghost-Fire
112	43	Vulpix	38	41	40	50	65	65	1	False	Patch 1	Fire
113	526	Porygon-Z	85	80	70	135	75	90	4	False	Patch 1	Normal
114	785	Gourgeist Average Size	65	90	122	58	75	84	6	False	Patch 1	Ghost-Grass
115	100	Gastly	30	35	30	100	35	80	1	False	Patch 1	Ghost-Poison
116	248	Houndoom	75	90	50	110	80	95	2	False	Patch 1	Dark-Fire
117	437	Monferno	64	78	52	78	52	81	4	False	Patch 1	Fire-Fighting
118	110	Electrode	60	50	70	80	80	140	1	False	Patch 1	Electric
119	99	Cloyster	50	95	180	85	45	70	1	False	Patch 1	Water-Ice
120	594	Gurdurr	85	105	85	40	50	40	5	False	Patch 1	Fighting
121	291	Beautifly	60	70	50	100	50	65	3	False	Patch 1	Bug-Flying
122	722	Fennekin	40	45	40	62	60	60	6	False	Patch 1	Fire
123	101	Haunter	45	50	45	115	55	95	1	False	Patch 1	Ghost-Poison
124	331	Aron	50	70	100	40	40	30	3	False	Patch 1	Steel-Rock
125	661	Klink	40	55	70	45	60	30	5	False	Patch 1	Steel
126	498	Lucario	70	110	70	115	70	90	4	False	Patch 1	Fighting-Steel
127	325	Skitty	50	45	45	35	35	50	3	False	Patch 1	Normal
128	756	Slurpuff	82	80	86	85	75	72	6	False	Patch 1	Fairy
129	78	Victreebel	80	105	65	100	70	70	1	False	Patch 1	Grass-Poison
130	67	Poliwhirl	65	65	65	50	50	90	1	False	Patch 1	Water
131	535	Frost Rotom	50	65	107	105	107	86	4	False	Patch 1	Electric-Ice
132	684	Golett	59	74	50	35	50	35	5	False	Patch 1	Ground-Ghost
133	82	Graveler	55	95	115	45	45	35	1	False	Patch 1	Rock-Ground
134	767	Tyrunt	58	89	77	45	45	48	6	False	Patch 1	Rock-Dragon
135	467	Floatzel	85	105	55	85	50	115	4	False	Patch 1	Water
136	567	Herdier	65	80	65	35	65	60	5	False	Patch 1	Normal
137	646	Vanilluxe	71	95	85	110	95	79	5	False	Patch 1	Ice
138	720	Quilladin	61	78	95	56	58	57	6	False	Patch 1	Grass
139	134	Jynx	65	50	35	115	95	95	1	False	Patch 1	Ice-Psychic
140	683	Druddigon	77	120	90	60	90	48	5	False	Patch 1	Dragon
141	364	Cacturne	70	115	60	115	60	55	3	False	Patch 1	Grass-Dark
142	590	Excadrill	110	135	60	50	65	88	5	False	Patch 1	Ground-Steel
143	32	Raichu	60	90	55	90	80	110	1	False	Patch 1	Electric
144	636	Gothita	45	30	50	55	65	45	5	False	Patch 1	Psychic
145	344	Illumise	65	47	55	73	75	85	3	False	Patch 1	Bug
146	328	Mega Sableye	50	85	125	85	115	20	3	False	Patch 1	Dark-Ghost
147	20	Mega Beedrill	65	150	40	15	80	145	1	False	Patch 1	Bug-Poison
148	218	Wobbuffet	190	33	58	33	58	33	2	False	Patch 1	Psychic
149	167	Chikorita	45	49	65	49	65	45	2	False	Patch 1	Grass
150	693	Heatmor	85	97	66	105	66	65	5	False	Patch 1	Fire
151	242	Remoraid	35	65	35	65	35	65	2	False	Patch 1	Water
152	501	Hippowdon	108	112	118	68	72	47	4	False	Patch 1	Ground
153	629	Archeops	75	140	65	112	65	110	5	False	Patch 1	Rock-Flying
154	371	Solrock	70	95	85	55	65	70	3	False	Patch 1	Rock-Psychic
155	698	Larvesta	55	85	55	50	55	60	5	False	Patch 1	Bug-Fire
156	706	Thundurus Therian Forme	79	105	70	145	80	101	5	True	Patch 1	Electric-Flying
157	195	Flaaffy	70	55	55	80	60	45	2	False	Patch 1	Electric
158	279	Blaziken	80	120	70	110	70	80	3	False	Patch 1	Fire-Fighting
159	688	Bouffalant	95	110	95	40	95	55	5	False	Patch 1	Normal
160	346	Gulpin	70	43	53	43	53	40	3	False	Patch 1	Poison
161	249	Mega Houndoom	75	90	90	140	90	115	2	False	Patch 1	Dark-Fire
162	220	Pineco	50	65	90	35	35	15	2	False	Patch 1	Bug
163	172	Typhlosion	78	84	78	109	85	100	2	False	Patch 1	Fire
164	711	Kyurem	125	130	90	130	90	95	5	True	Patch 1	Dragon-Ice
165	375	Crawdaunt	63	120	85	90	55	55	3	False	Patch 1	Water-Dark
166	10	Squirtle	44	48	65	50	64	43	1	False	Patch 1	Water
167	276	Mega Sceptile	70	110	75	145	85	145	3	False	Patch 1	Grass-Dragon
168	434	Grotle	75	89	85	55	65	36	4	False	Patch 1	Grass
169	118	Koffing	40	65	95	60	45	35	1	False	Patch 1	Poison
170	516	Rhyperior	115	140	130	55	55	40	4	False	Patch 1	Ground-Rock
171	608	Whimsicott	60	67	85	77	75	116	5	False	Patch 1	Grass-Fairy
172	537	Mow Rotom	50	65	107	105	107	86	4	False	Patch 1	Electric-Grass
173	645	Vanillish	51	65	65	80	75	59	5	False	Patch 1	Ice
174	784	Pumpkaboo Super Size	59	66	70	44	55	41	6	False	Patch 1	Ghost-Grass
175	611	Basculin	70	92	65	80	55	98	5	False	Patch 1	Water
176	503	Drapion	70	90	110	60	75	95	4	False	Patch 1	Poison-Dark
177	317	Shedinja	1	90	45	30	30	40	3	False	Patch 1	Bug-Ghost
178	35	Nidoran♀	55	47	52	40	40	41	1	False	Patch 1	Poison
179	623	Sigilyph	72	58	80	103	80	97	5	False	Patch 1	Psychic-Flying
180	37	Nidoqueen	90	92	87	75	85	76	1	False	Patch 1	Poison-Ground
181	703	Tornadus Incarnate Forme	79	115	70	125	80	111	5	True	Patch 1	Flying
182	583	Zebstrika	75	100	63	80	63	116	5	False	Patch 1	Electric
183	411	Beldum	40	55	80	35	60	30	3	False	Patch 1	Steel-Psychic
184	17	Weedle	40	35	30	20	20	50	1	False	Patch 1	Bug-Poison
185	186	Lanturn	125	58	58	76	76	67	2	False	Patch 1	Water-Electric
186	733	Scatterbug	38	35	40	27	25	35	6	False	Patch 1	Bug
187	321	Makuhita	72	60	30	20	30	25	3	False	Patch 1	Fighting
188	240	Piloswine	100	100	80	60	60	50	2	False	Patch 1	Ice-Ground
189	180	Ledyba	40	20	30	40	80	55	2	False	Patch 1	Bug-Flying
190	284	Mega Swampert	100	150	110	95	110	70	3	False	Patch 1	Water-Ground
191	774	Carbink	50	50	150	50	150	50	6	False	Patch 1	Rock-Fairy
192	265	Suicune	100	75	115	90	115	85	2	True	Patch 1	Water
193	475	Buneary	55	66	44	44	56	85	4	False	Patch 1	Normal
194	6	Charmeleon	58	64	58	80	65	80	1	False	Patch 1	Fire
195	517	Tangrowth	100	100	125	110	50	50	4	False	Patch 1	Grass
196	219	Girafarig	70	80	65	90	65	85	2	False	Patch 1	Normal-Psychic
197	11	Wartortle	59	63	80	65	80	58	1	False	Patch 1	Water
198	343	Volbeat	65	73	55	47	75	85	3	False	Patch 1	Bug
199	156	Snorlax	160	110	65	65	110	30	1	False	Patch 1	Normal
200	708	Zekrom	100	150	120	120	100	90	5	True	Patch 1	Dragon-Electric
201	29	Ekans	35	60	44	40	54	55	1	False	Patch 1	Poison
202	644	Vanillite	36	50	50	65	60	44	5	False	Patch 1	Ice
203	486	Bronzong	67	89	116	79	116	33	4	False	Patch 1	Steel-Psychic
204	286	Mightyena	70	90	70	60	60	70	3	False	Patch 1	Dark
205	151	Omastar	70	60	125	115	70	55	1	False	Patch 1	Rock-Water
206	208	Sunflora	75	75	55	105	85	30	2	False	Patch 1	Grass
207	164	Mega Mewtwo X	106	190	100	154	100	130	1	True	Patch 1	Psychic-Fighting
208	228	Qwilfish	65	95	75	55	55	85	2	False	Patch 1	Water-Poison
209	143	Lapras	130	85	80	85	95	60	1	False	Patch 1	Water-Ice
210	1		45	49	49	65	65	45	1	False	Patch 1	Grass-Poison
211	263	Raikou	90	85	75	115	100	115	2	True	Patch 1	Electric
212	401	Walrein	110	80	90	95	90	65	3	False	Patch 1	Ice-Water
213	165	Mega Mewtwo Y	106	150	70	194	120	140	1	True	Patch 1	Psychic
214	483	Stunky	63	63	47	41	41	74	4	False	Patch 1	Poison-Dark
215	133	Scyther	70	110	80	55	80	105	1	False	Patch 1	Bug-Flying
216	376	Baltoy	40	40	55	40	70	55	3	False	Patch 1	Ground-Psychic
217	161	Dragonair	61	84	65	70	70	70	1	False	Patch 1	Dragon
218	482	Chingling	45	30	50	65	50	45	4	False	Patch 1	Psychic
219	215	Slowking	95	75	80	100	110	30	2	False	Patch 1	Water-Psychic
220	630	Trubbish	50	50	62	40	62	65	5	False	Patch 1	Poison
221	255	Smeargle	55	20	35	20	45	75	2	False	Patch 1	Normal
222	607	Cottonee	40	27	60	37	50	66	5	False	Patch 1	Grass-Fairy
223	47	Zubat	40	45	35	30	40	55	1	False	Patch 1	Poison-Flying
224	601	Sewaddle	45	53	70	40	60	42	5	False	Patch 1	Bug-Grass
225	405	Relicanth	100	90	130	45	65	55	3	False	Patch 1	Water-Rock
226	556	Servine	60	60	75	60	75	83	5	False	Patch 1	Grass
227	586	Gigalith	85	135	130	60	80	25	5	False	Patch 1	Rock
228	92	Doduo	35	85	45	35	35	75	1	False	Patch 1	Normal-Flying
229	540	Azelf	75	125	70	125	70	115	4	True	Patch 1	Psychic
230	453	Roserade	60	70	65	125	105	90	4	False	Patch 1	Grass-Poison
231	98	Shellder	30	65	100	45	25	40	1	False	Patch 1	Water
232	496	Munchlax	135	85	40	40	85	5	4	False	Patch 1	Normal
233	74	Machoke	80	100	70	50	60	45	1	False	Patch 1	Fighting
234	398	Mega Glalie	80	120	80	120	80	100	3	False	Patch 1	Ice
235	58	Meowth	40	45	35	40	40	90	1	False	Patch 1	Normal
236	685	Golurk	89	124	80	55	80	55	5	False	Patch 1	Ground-Ghost
237	320	Exploud	104	91	63	91	73	68	3	False	Patch 1	Normal
238	656	Alomomola	165	75	80	40	45	65	5	False	Patch 1	Water
239	456	Shieldon	30	42	118	42	88	30	4	False	Patch 1	Rock-Steel
240	59	Persian	65	70	60	65	65	115	1	False	Patch 1	Normal
241	117	Lickitung	90	55	75	60	75	30	1	False	Patch 1	Normal
242	539	Mesprit	80	105	105	105	105	80	4	True	Patch 1	Psychic
243	641	Reuniclus	110	65	75	125	85	30	5	False	Patch 1	Psychic
244	551	Shaymin Land Forme	100	100	100	100	100	100	4	True	Patch 1	Grass
245	307	Mega Gardevoir	68	85	65	165	135	100	3	False	Patch 1	Psychic-Fairy
246	338	Electrike	40	45	40	65	40	65	3	False	Patch 1	Electric
247	198	Bellossom	75	80	95	90	100	50	2	False	Patch 1	Grass
248	447	Kricketot	37	25	41	25	41	25	4	False	Patch 1	Bug
249	531	Froslass	70	80	70	80	70	110	4	False	Patch 1	Ice-Ghost
250	51	Vileplume	75	80	85	110	90	50	1	False	Patch 1	Grass-Poison
251	717	Meloetta Pirouette Forme	100	128	90	77	77	128	5	False	Patch 1	Normal-Fighting
252	739	Floette	54	45	47	75	98	52	6	False	Patch 1	Fairy
253	723	Braixen	59	59	58	90	70	73	6	False	Patch 1	Fire
254	108	Kingler	55	130	115	50	50	75	1	False	Patch 1	Water
255	752	Aegislash Shield Forme	60	50	150	50	150	60	6	False	Patch 1	Steel-Ghost
256	306	Gardevoir	68	65	65	125	115	80	3	False	Patch 1	Psychic-Fairy
257	252	Donphan	90	120	120	60	60	50	2	False	Patch 1	Ground
258	212	Espeon	65	65	60	130	95	110	2	False	Patch 1	Psychic
259	200	Azumarill	100	50	80	60	80	50	2	False	Patch 1	Water-Fairy
260	150	Omanyte	35	40	100	90	55	35	1	False	Patch 1	Rock-Water
261	571	Pansage	50	53	48	53	48	64	5	False	Patch 1	Grass
262	360	Trapinch	45	100	45	45	45	10	3	False	Patch 1	Ground
263	299	Shiftry	90	100	60	90	60	80	3	False	Patch 1	Grass-Dark
264	408	Shelgon	65	95	100	60	50	50	3	False	Patch 1	Dragon
265	582	Blitzle	45	60	32	50	32	76	5	False	Patch 1	Electric
266	196	Ampharos	90	75	85	115	90	55	2	False	Patch 1	Electric
267	795	Zygarde Half Forme	108	100	121	81	95	95	6	True	Patch 1	Dragon-Ground
268	558	Tepig	65	63	45	45	45	45	5	False	Patch 1	Fire
269	205	Jumpluff	75	55	70	55	95	110	2	False	Patch 1	Grass-Flying
270	694	Durant	58	109	112	48	48	109	5	False	Patch 1	Bug-Steel
271	262	Blissey	255	10	10	75	135	55	2	False	Patch 1	Normal
272	589	Drilbur	60	85	40	30	45	68	5	False	Patch 1	Ground
273	309	Masquerain	70	60	62	80	82	60	3	False	Patch 1	Bug-Flying
274	691	Vullaby	70	55	75	45	65	60	5	False	Patch 1	Dark-Flying
275	543	Heatran	91	90	106	130	106	77	4	True	Patch 1	Fire-Steel
276	734	Spewpa	45	22	60	27	30	29	6	False	Patch 1	Bug
277	584	Roggenrola	55	75	85	25	25	15	5	False	Patch 1	Rock
278	505	Toxicroak	83	106	65	86	65	85	4	False	Patch 1	Poison-Fighting
279	293	Dustox	60	50	70	50	90	65	3	False	Patch 1	Bug-Poison
280	374	Corphish	43	80	65	50	35	35	3	False	Patch 1	Water
281	16	Butterfree	60	45	50	90	80	70	1	False	Patch 1	Bug-Flying
282	726	Frogadier	54	63	52	83	56	97	6	False	Patch 1	Water
283	268	Tyranitar	100	134	110	95	100	61	2	False	Patch 1	Rock-Dark
284	598	Seismitoad	105	95	75	85	75	74	5	False	Patch 1	Water-Ground
285	312	Slakoth	60	60	60	35	35	30	3	False	Patch 1	Normal
286	692	Mandibuzz	110	65	105	55	95	80	5	False	Patch 1	Dark-Flying
287	415	Regirock	80	100	200	50	100	50	3	True	Patch 1	Rock
288	407	Bagon	45	75	60	40	30	50	3	False	Patch 1	Dragon
289	682	Mienshao	65	125	60	95	60	105	5	False	Patch 1	Fighting
290	222	Dunsparce	100	70	70	65	65	45	2	False	Patch 1	Normal
291	663	Klinklang	60	100	115	70	85	90	5	False	Patch 1	Steel
292	361	Vibrava	50	70	50	50	50	70	3	False	Patch 1	Ground-Dragon
293	8	Mega Charizard X	78	130	111	130	85	100	1	False	Patch 1	Fire-Dragon
294	246	Skarmory	65	80	140	40	70	70	2	False	Patch 1	Steel-Flying
295	124	Kangaskhan	105	95	80	40	80	90	1	False	Patch 1	Normal
296	245	Mantine	65	40	70	80	140	70	2	False	Patch 1	Water-Flying
297	626	Tirtouga	54	78	103	53	45	22	5	False	Patch 1	Water-Rock
298	724	Delphox	75	69	72	114	100	104	6	False	Patch 1	Fire-Psychic
299	779	Phantump	43	70	48	50	60	38	6	False	Patch 1	Ghost-Grass
300	339	Manectric	70	75	60	105	60	105	3	False	Patch 1	Electric
301	14	Caterpie	45	30	35	20	20	45	1	False	Patch 1	Bug
302	660	Ferrothorn	74	94	131	54	116	20	5	False	Patch 1	Grass-Steel
303	454	Cranidos	67	125	40	30	30	58	4	False	Patch 1	Rock
304	298	Nuzleaf	70	70	40	60	40	60	3	False	Patch 1	Grass-Dark
305	487	Bonsly	50	80	95	10	45	10	4	False	Patch 1	Rock
306	15	Metapod	50	20	55	25	25	30	1	False	Patch 1	Bug
307	440	Prinplup	64	66	68	81	76	50	4	False	Patch 1	Water
308	493	Gabite	68	90	65	50	55	82	4	False	Patch 1	Dragon-Ground
309	330	Mega Mawile	50	105	125	55	95	50	3	False	Patch 1	Steel-Fairy
310	421	Mega Latios	80	130	100	160	120	110	3	True	Patch 1	Dragon-Psychic
311	479	Honchkrow	100	125	52	105	52	71	4	False	Patch 1	Dark-Flying
312	655	Jellicent	100	60	70	85	105	60	5	False	Patch 1	Water-Ghost
313	555	Snivy	45	45	55	45	55	63	5	False	Patch 1	Grass
314	136	Magmar	65	95	57	100	85	93	1	False	Patch 1	Fire
315	44	Ninetales	73	76	75	81	100	100	1	False	Patch 1	Fire
316	292	Cascoon	50	35	55	25	25	15	3	False	Patch 1	Bug
317	395	Wynaut	95	23	48	23	48	23	3	False	Patch 1	Psychic
318	709	Landorus Incarnate Forme	89	125	90	115	80	101	5	True	Patch 1	Ground-Flying
319	250	Kingdra	75	95	95	95	95	85	2	False	Patch 1	Water-Dragon
320	295	Lombre	60	50	50	60	70	50	3	False	Patch 1	Water-Grass
321	521	Yanmega	86	76	86	116	56	95	4	False	Patch 1	Bug-Flying
322	602	Swadloon	55	63	90	50	80	42	5	False	Patch 1	Bug-Grass
323	341	Plusle	60	50	40	85	75	95	3	False	Patch 1	Electric
324	617	Darmanitan Zen Mode	105	30	105	140	105	55	5	False	Patch 1	Fire-Psychic
325	55	Venomoth	70	65	60	90	75	90	1	False	Patch 1	Bug-Poison
326	735	Vivillon	80	52	50	90	50	89	6	False	Patch 1	Bug-Flying
327	561	Oshawott	55	55	45	63	45	45	5	False	Patch 1	Water
328	372	Barboach	50	48	43	46	41	60	3	False	Patch 1	Water-Ground
329	236	Ursaring	90	130	75	75	75	55	2	False	Patch 1	Normal
330	112	Exeggutor	95	95	85	125	65	55	1	False	Patch 1	Grass-Psychic
331	272	Celebi	100	100	100	100	100	100	2	False	Patch 1	Psychic-Grass
332	177	Furret	85	76	64	45	55	90	2	False	Patch 1	Normal
333	520	Togekiss	85	50	95	120	115	80	4	False	Patch 1	Fairy-Flying
334	121	Rhydon	105	130	120	45	45	40	1	False	Patch 1	Ground-Rock
335	109	Voltorb	40	30	50	55	55	100	1	False	Patch 1	Electric
336	194	Mareep	55	40	40	65	45	35	2	False	Patch 1	Electric
337	153	Kabutops	60	115	105	65	70	80	1	False	Patch 1	Rock-Water
338	227	Granbull	90	120	75	60	60	45	2	False	Patch 1	Fairy
339	491	Spiritomb	50	92	108	92	108	35	4	False	Patch 1	Ghost-Dark
340	707	Reshiram	100	120	100	150	120	90	5	True	Patch 1	Dragon-Fire
341	747	Meowstic Male	74	48	76	83	81	104	6	False	Patch 1	Psychic
342	192	Natu	40	50	45	70	45	70	2	False	Patch 1	Psychic-Flying
343	345	Roselia	50	60	45	100	80	65	3	False	Patch 1	Grass-Poison
344	624	Yamask	38	30	85	55	65	30	5	False	Patch 1	Ghost
345	633	Zoroark	60	105	60	120	60	105	5	False	Patch 1	Dark
346	469	Cherrim	70	60	70	87	78	85	4	False	Patch 1	Grass
347	787	Gourgeist Large Size	75	95	122	58	75	69	6	False	Patch 1	Ghost-Grass
348	750	Doublade	59	110	150	45	49	35	6	False	Patch 1	Steel-Ghost
349	562	Dewott	75	75	60	83	60	60	5	False	Patch 1	Water
350	179	Noctowl	100	50	50	76	96	70	2	False	Patch 1	Normal-Flying
351	424	Groudon	100	150	140	100	90	90	3	True	Patch 1	Ground
352	237	Slugma	40	40	40	70	40	20	2	False	Patch 1	Fire
353	690	Braviary	100	123	75	57	75	80	5	False	Patch 1	Normal-Flying
354	461	Wormadam Trash Cloak	60	69	95	69	95	36	4	False	Patch 1	Bug-Steel
355	211	Quagsire	95	85	85	65	65	35	2	False	Patch 1	Water-Ground
356	137	Pinsir	65	125	100	55	70	85	1	False	Patch 1	Bug
357	436	Chimchar	44	58	44	58	44	61	4	False	Patch 1	Fire
358	740	Florges	78	65	68	112	154	75	6	False	Patch 1	Fairy
359	214	Murkrow	60	85	42	85	42	91	2	False	Patch 1	Dark-Flying
360	18	Kakuna	45	25	50	25	25	35	1	False	Patch 1	Bug-Poison
361	796	Diancie	50	100	150	100	150	50	6	True	Patch 1	Rock-Fairy
362	28	Fearow	65	90	65	61	61	100	1	False	Patch 1	Normal-Flying
363	202	Politoed	90	75	75	90	100	70	2	False	Patch 1	Water
364	528	Mega Gallade	68	165	95	65	115	110	4	False	Patch 1	Psychic-Fighting
365	410	Mega Salamence	95	145	130	120	90	120	3	False	Patch 1	Dragon-Flying
366	144	Ditto	48	48	48	48	48	48	1	False	Patch 1	Normal
367	259	Elekid	45	63	37	65	55	95	2	False	Patch 1	Electric
368	45	Jigglypuff	115	45	20	45	25	20	1	False	Patch 1	Normal-Fairy
369	638	Gothitelle	70	55	95	95	110	65	5	False	Patch 1	Psychic
370	105	Drowzee	60	48	45	43	90	42	1	False	Patch 1	Psychic
371	173	Totodile	50	65	64	44	48	43	2	False	Patch 1	Water
372	162	Dragonite	91	134	95	100	100	80	1	False	Patch 1	Dragon-Flying
373	318	Whismur	64	51	23	51	23	28	3	False	Patch 1	Normal
374	547	Cresselia	120	70	120	75	130	85	4	False	Patch 1	Psychic
375	184	Crobat	85	90	80	70	80	130	2	False	Patch 1	Poison-Flying
376	313	Vigoroth	80	80	80	55	55	90	3	False	Patch 1	Normal
377	386	Shuppet	44	75	35	63	33	45	3	False	Patch 1	Ghost
378	710	Landorus Therian Forme	89	145	90	105	80	91	5	True	Patch 1	Ground-Flying
379	388	Mega Banette	64	165	75	93	83	75	3	False	Patch 1	Ghost
380	77	Weepinbell	65	90	50	85	45	55	1	False	Patch 1	Grass-Poison
381	146	Vaporeon	130	65	60	110	95	65	1	False	Patch 1	Water
382	557	Serperior	75	75	95	75	95	113	5	False	Patch 1	Grass
383	579	Pidove	50	55	50	36	30	43	5	False	Patch 1	Normal-Flying
384	314	Slaking	150	160	100	95	65	100	3	False	Patch 1	Normal
385	705	Thundurus Incarnate Forme	79	115	70	125	80	111	5	True	Patch 1	Electric-Flying
386	581	Unfezant	80	115	80	65	55	93	5	False	Patch 1	Normal-Flying
387	311	Breloom	60	130	80	60	60	70	3	False	Patch 1	Grass-Fighting
388	418	Latias	80	80	90	110	130	110	3	True	Patch 1	Dragon-Psychic
389	560	Emboar	110	123	65	100	65	65	5	False	Patch 1	Fire-Fighting
390	523	Glaceon	65	60	110	130	95	65	4	False	Patch 1	Ice
391	283	Swampert	100	110	90	85	90	60	3	False	Patch 1	Water-Ground
392	729	Diggersby	85	56	77	50	77	78	6	False	Patch 1	Normal-Ground
393	532	Rotom	50	50	77	95	77	91	4	False	Patch 1	Electric-Ghost
394	391	Tropius	99	68	83	72	87	51	3	False	Patch 1	Grass-Flying
395	786	Gourgeist Small Size	55	85	122	58	75	99	6	False	Patch 1	Ghost-Grass
396	116	Hitmonchan	50	105	79	35	110	76	1	False	Patch 1	Fighting
397	139	Tauros	75	100	95	40	70	110	1	False	Patch 1	Normal
398	515	Lickilicky	110	85	95	80	95	50	4	False	Patch 1	Normal
399	199	Marill	70	20	50	20	50	40	2	False	Patch 1	Water-Fairy
400	235	Teddiursa	60	80	50	50	50	40	2	False	Patch 1	Normal
401	527	Gallade	68	125	65	65	115	80	4	False	Patch 1	Psychic-Fighting
402	999	Mickey Mouse	800	999	999	999	900	850	1	True	Patch 1	Psychic-Rock
403	612	Sandile	50	72	35	35	35	65	5	False	Patch 1	Ground-Dark
404	744	Pangoro	95	124	78	69	71	58	6	False	Patch 1	Fighting-Dark
405	49	Oddish	45	50	55	75	65	30	1	False	Patch 1	Grass-Poison
406	472	Ambipom	75	100	66	60	66	115	4	False	Patch 1	Normal
407	238	Magcargo	50	50	120	80	80	30	2	False	Patch 1	Fire-Rock
408	73	Machop	70	80	50	35	35	35	1	False	Patch 1	Fighting
409	625	Cofagrigus	58	50	145	95	105	30	5	False	Patch 1	Ghost
410	271	Ho-oh	106	130	90	110	154	90	2	True	Patch 1	Fire-Flying
411	462	Mothim	70	94	50	94	50	66	4	False	Patch 1	Bug-Flying
412	719	Chespin	56	61	65	48	45	38	6	False	Patch 1	Grass
413	123	Tangela	65	55	115	100	40	60	1	False	Patch 1	Grass
414	658	Galvantula	70	77	60	97	60	108	5	False	Patch 1	Bug-Electric
415	225	Mega Steelix	75	125	230	55	95	30	2	False	Patch 1	Steel-Ground
416	185	Chinchou	75	38	38	56	56	67	2	False	Patch 1	Water-Electric
417	30	Arbok	60	85	69	65	79	80	1	False	Patch 1	Poison
418	481	Purugly	71	82	64	64	59	112	4	False	Patch 1	Normal
419	416	Regice	80	50	100	100	200	50	3	True	Patch 1	Ice
420	450	Luxio	60	85	49	60	49	60	4	False	Patch 1	Electric
421	287	Zigzagoon	38	30	41	30	41	60	3	False	Patch 1	Normal
422	476	Lopunny	65	76	84	54	96	105	4	False	Patch 1	Normal
423	63		65	105	60	60	70	95	1	False	Patch 1	Fighting
424	378	Lileep	66	41	77	61	87	23	3	False	Patch 1	Rock-Grass
425	766	Heliolisk	62	55	52	109	94	109	6	False	Patch 1	Electric-Normal
426	289	Wurmple	45	45	35	20	30	20	3	False	Patch 1	Bug
427	468	Cherubi	45	35	45	62	53	35	4	False	Patch 1	Grass
428	574	Simisear	75	98	63	98	63	101	5	False	Patch 1	Fire
429	777	Goodra	90	100	70	110	150	80	6	False	Patch 1	Dragon
430	448	Kricketune	77	85	51	55	51	65	4	False	Patch 1	Bug
431	380	Anorith	45	95	50	40	50	75	3	False	Patch 1	Rock-Bug
432	204	Skiploom	55	45	50	45	65	80	2	False	Patch 1	Grass-Flying
433	443	Staravia	55	75	50	40	40	80	4	False	Patch 1	Normal-Flying
434	171	Quilava	58	64	58	80	65	80	2	False	Patch 1	Fire
435	637	Gothorita	60	45	70	75	85	55	5	False	Patch 1	Psychic
436	761	Skrelp	50	60	60	60	60	30	6	False	Patch 1	Poison-Water
437	129	Seaking	80	92	65	65	80	68	1	False	Patch 1	Water
438	188	Cleffa	50	25	28	45	55	15	2	False	Patch 1	Fairy
439	350	Mega Sharpedo	70	140	70	110	65	105	3	False	Patch 1	Water-Dark
440	753	Spritzee	78	52	60	63	65	23	6	False	Patch 1	Fairy
441	145	Eevee	55	55	50	45	65	55	1	False	Patch 1	Normal
442	502	Skorupi	40	50	90	30	55	65	4	False	Patch 1	Poison-Bug
443	459	Wormadam Plant Cloak	60	59	85	79	105	36	4	False	Patch 1	Bug-Grass
444	666	Eelektross	85	115	80	105	80	50	5	False	Patch 1	Electric
445	665	Eelektrik	65	85	70	75	70	40	5	False	Patch 1	Electric
446	512	Mega Abomasnow	90	132	105	132	105	30	4	False	Patch 1	Grass-Ice
447	530	Dusknoir	45	100	135	65	135	45	4	False	Patch 1	Ghost
448	755	Swirlix	62	48	66	59	57	49	6	False	Patch 1	Fairy
449	428	Jirachi	100	100	100	100	100	100	3	True	Patch 1	Steel-Psychic
450	439	Piplup	53	51	53	61	56	40	4	False	Patch 1	Water
451	377	Claydol	60	70	105	70	120	75	3	False	Patch 1	Ground-Psychic
452	91	Farfetch'd	52	65	55	58	62	60	1	False	Patch 1	Normal-Flying
453	27	Spearow	40	60	30	31	31	70	1	False	Patch 1	Normal-Flying
454	40	Nidoking	81	102	77	85	75	85	1	False	Patch 1	Poison-Ground
455	273	Treecko	40	45	35	65	55	70	3	False	Patch 1	Grass
456	23	Pidgeot	83	80	75	70	70	101	1	False	Patch 1	Normal-Flying
457	427	Mega Rayquaza	105	180	100	180	100	115	3	True	Patch 1	Dragon-Flying
458	488	Mime Jr.	20	25	45	70	90	60	4	False	Patch 1	Psychic-Fairy
459	610	Lilligant	70	60	75	110	75	90	5	False	Patch 1	Grass
460	326	Delcatty	70	65	65	55	55	70	3	False	Patch 1	Normal
461	359	Spinda	60	60	60	60	60	60	3	False	Patch 1	Normal
462	406	Luvdisc	43	30	55	40	65	97	3	False	Patch 1	Water
463	304	Ralts	28	25	25	45	35	40	3	False	Patch 1	Psychic-Fairy
464	614	Krookodile	95	117	80	65	70	92	5	False	Patch 1	Ground-Dark
465	474	Drifblim	150	80	44	90	54	80	4	False	Patch 1	Ghost-Flying
466	261	Miltank	95	80	105	40	70	100	2	False	Patch 1	Normal
467	275	Sceptile	70	85	65	105	85	120	3	False	Patch 1	Grass
468	269	Mega Tyranitar	100	164	150	95	120	71	2	False	Patch 1	Rock-Dark
469	673	Fraxure	66	117	70	40	50	67	5	False	Patch 1	Dragon
470	628	Archen	55	112	45	74	45	70	5	False	Patch 1	Rock-Flying
471	163	Mewtwo	106	110	90	154	90	130	1	True	Patch 1	Psychic
472	247	Houndour	45	60	30	80	50	65	2	False	Patch 1	Dark-Fire
473	3		80	82	83	100	100	80	1	False	Patch 1	Grass-Poison
474	351	Wailmer	130	70	35	70	35	60	3	False	Patch 1	Water
475	533	Heat Rotom	50	65	107	105	107	86	4	False	Patch 1	Electric-Fire
476	203	Hoppip	35	35	40	35	55	50	2	False	Patch 1	Grass-Flying
477	745	Furfrou	75	80	60	65	90	102	6	False	Patch 1	Normal
478	506	Carnivine	74	100	72	90	72	46	4	False	Patch 1	Grass
479	400	Sealeo	90	60	70	75	70	45	3	False	Patch 1	Ice-Water
480	548	Phione	80	80	80	80	80	80	4	False	Patch 1	Water
481	62	Mankey	40	80	35	35	45	70	1	False	Patch 1	Fighting
482	33	Sandshrew	50	75	85	20	30	40	1	False	Patch 1	Ground
483	114	Marowak	60	80	110	50	80	45	1	False	Patch 1	Ground
484	595	Conkeldurr	105	140	95	55	65	45	5	False	Patch 1	Fighting
485	89	Magnemite	25	35	70	95	55	45	1	False	Patch 1	Electric-Steel
486	72	Mega Alakazam	55	50	65	175	95	150	1	False	Patch 1	Psychic
487	209	Yanma	65	65	45	75	45	95	2	False	Patch 1	Bug-Flying
488	435	Torterra	95	109	105	75	85	56	4	False	Patch 1	Grass-Ground
489	763	Clauncher	50	53	62	58	63	44	6	False	Patch 1	Water
490	104	Onix	35	45	160	30	45	70	1	False	Patch 1	Rock-Ground
491	704	Tornadus Therian Forme	79	100	80	110	90	121	5	True	Patch 1	Flying
492	347	Swalot	100	73	83	73	83	55	3	False	Patch 1	Poison
493	676	Beartic	95	110	80	70	80	50	5	False	Patch 1	Ice
494	444	Staraptor	85	120	70	50	60	100	4	False	Patch 1	Normal-Flying
495	771	Sylveon	95	65	65	110	130	60	6	False	Patch 1	Fairy
496	274	Grovyle	50	65	45	85	65	95	3	False	Patch 1	Grass
497	997	Goofy	900	999	999	999	850	800	1	True	Patch 1	Electric-Rock
498	792	Noivern	85	70	80	97	80	123	6	False	Patch 1	Flying-Dragon
499	158	Zapdos	90	90	85	125	90	100	1	True	Patch 1	Electric-Flying
500	471	Gastrodon	111	83	68	92	82	39	4	False	Patch 1	Water-Ground
501	423	Primal Kyogre	100	150	90	180	160	90	3	True	Patch 1	Water
502	508	Lumineon	69	69	76	69	86	91	4	False	Patch 1	Water
503	438	Infernape	76	104	71	104	71	108	4	False	Patch 1	Fire-Fighting
504	764	Clawitzer	71	73	88	120	89	59	6	False	Patch 1	Water
505	102	Gengar	60	65	60	130	75	110	1	False	Patch 1	Ghost-Poison
506	426	Rayquaza	105	150	90	150	90	95	3	True	Patch 1	Dragon-Flying
507	632	Zorua	40	65	40	80	40	65	5	False	Patch 1	Dark
508	668	Beheeyem	75	75	75	125	95	40	5	False	Patch 1	Psychic
509	83	Golem	80	120	130	55	65	45	1	False	Patch 1	Rock-Ground
510	751	Aegislash Blade Forme	60	150	50	150	50	60	6	False	Patch 1	Steel-Ghost
511	700	Cobalion	91	90	129	90	72	108	5	True	Patch 1	Steel-Fighting
512	141	Gyarados	95	125	79	60	100	81	1	False	Patch 1	Water-Flying
513	736	Litleo	62	50	58	73	54	72	6	False	Patch 1	Fire-Normal
514	149	Porygon	65	60	70	85	75	40	1	False	Patch 1	Normal
515	69	Abra	25	20	15	105	55	90	1	False	Patch 1	Psychic
516	458	Burmy	40	29	45	29	45	36	4	False	Patch 1	Bug
517	599	Throh	120	100	85	30	85	45	5	False	Patch 1	Fighting
518	239	Swinub	50	50	40	30	30	50	2	False	Patch 1	Ice-Ground
519	783	Pumpkaboo Large Size	54	66	70	44	55	46	6	False	Patch 1	Ghost-Grass
520	507	Finneon	49	49	56	49	61	66	4	False	Patch 1	Water
521	631	Garbodor	80	95	82	60	82	75	5	False	Patch 1	Poison
522	373	Whiscash	110	78	73	76	71	60	3	False	Patch 1	Water-Ground
523	160	Dratini	41	64	45	50	50	50	1	False	Patch 1	Dragon
524	221	Forretress	75	90	140	60	60	40	2	False	Patch 1	Bug-Steel
525	550	Darkrai	70	90	90	135	90	125	4	True	Patch 1	Dark
526	166	Mew	100	100	100	100	100	100	1	False	Patch 1	Psychic
527	714	Keldeo Ordinary Forme	91	72	90	129	90	108	5	False	Patch 1	Water-Fighting
528	197	Mega Ampharos	90	95	105	165	110	45	2	False	Patch 1	Electric-Dragon
529	103	Mega Gengar	60	65	80	170	95	130	1	False	Patch 1	Ghost-Poison
530	588	Swoobat	67	57	55	77	55	114	5	False	Patch 1	Psychic-Flying
531	399	Spheal	70	40	50	55	50	25	3	False	Patch 1	Ice-Water
532	576	Simipour	75	98	63	98	63	101	5	False	Patch 1	Water
533	128	Goldeen	45	67	60	35	50	63	1	False	Patch 1	Water
534	732	Talonflame	78	81	71	74	69	126	6	False	Patch 1	Fire-Flying
535	266	Larvitar	50	64	50	45	50	41	2	False	Patch 1	Rock-Ground
536	396	Snorunt	50	50	50	50	50	50	3	False	Patch 1	Ice
537	147	Jolteon	65	65	60	110	95	130	1	False	Patch 1	Electric
538	790	Avalugg	95	117	184	44	46	28	6	False	Patch 1	Ice
539	390	Dusclops	40	70	130	60	130	25	3	False	Patch 1	Ghost
540	38	Nidoran♂	46	57	40	40	40	50	1	False	Patch 1	Poison
541	206	Aipom	55	70	55	40	55	85	2	False	Patch 1	Normal
542	485	Bronzor	57	24	86	24	86	23	4	False	Patch 1	Steel-Psychic
543	130	Staryu	30	45	55	70	55	85	1	False	Patch 1	Water
544	670	Lampent	60	40	60	95	60	55	5	False	Patch 1	Ghost-Fire
545	484	Skuntank	103	93	67	71	61	84	4	False	Patch 1	Poison-Dark
546	86	Slowpoke	90	65	65	40	40	15	1	False	Patch 1	Water-Psychic
547	575	Panpour	50	53	48	53	48	64	5	False	Patch 1	Water
548	190	Togepi	35	20	65	40	65	20	2	False	Patch 1	Fairy
549	142	Mega Gyarados	95	155	109	70	130	81	1	False	Patch 1	Water-Dark
550	94	Seel	65	45	55	45	70	45	1	False	Patch 1	Water
551	226	Snubbull	60	80	50	40	40	30	2	False	Patch 1	Fairy
552	316	Ninjask	61	90	45	50	50	160	3	False	Patch 1	Bug-Flying
553	392	Chimecho	65	50	70	95	80	65	3	False	Patch 1	Psychic
554	731	Fletchinder	62	73	55	56	52	84	6	False	Patch 1	Fire-Flying
555	613	Krokorok	60	82	45	45	45	74	5	False	Patch 1	Ground-Dark
556	511	Abomasnow	90	92	75	92	85	60	4	False	Patch 1	Grass-Ice
557	56	Diglett	10	55	25	35	45	95	1	False	Patch 1	Ground
558	741	Skiddo	66	65	48	62	57	52	6	False	Patch 1	Grass
559	494	Garchomp	108	130	95	80	85	102	4	False	Patch 1	Dragon-Ground
560	430	DeoxysAttack Forme	50	180	20	180	20	150	3	True	Patch 1	Psychic
561	643	Swanna	75	87	63	87	63	98	5	False	Patch 1	Water-Flying
562	193	Xatu	65	75	70	95	70	95	2	False	Patch 1	Psychic-Flying
563	460	Wormadam Sandy Cloak	60	79	105	59	85	36	4	False	Patch 1	Bug-Ground
564	420	Latios	80	90	80	130	110	110	3	True	Patch 1	Dragon-Psychic
565	244	Delibird	45	55	45	65	45	75	2	False	Patch 1	Ice-Flying
566	572	Simisage	75	98	63	98	63	101	5	False	Patch 1	Grass
567	727	Greninja	72	95	67	103	71	122	6	False	Patch 1	Water-Dark
568	768	Tyrantrum	82	121	119	69	59	71	6	False	Patch 1	Rock-Dragon
569	466	Buizel	55	65	35	60	30	85	4	False	Patch 1	Water
570	477	Mega Lopunny	65	136	94	54	96	135	4	False	Patch 1	Normal-Fighting
571	387	Banette	64	115	65	83	63	65	3	False	Patch 1	Ghost
572	229	Scizor	70	130	100	55	80	65	2	False	Patch 1	Bug-Steel
573	132	Mr. Mime	40	45	65	100	120	90	1	False	Patch 1	Psychic-Fairy
574	743	Pancham	67	82	62	46	48	43	6	False	Patch 1	Fighting
575	672	Axew	46	87	60	30	40	57	5	False	Patch 1	Dragon
576	96	Grimer	80	80	50	40	50	25	1	False	Patch 1	Poison
577	285	Poochyena	35	55	35	30	30	35	3	False	Patch 1	Dark
578	79	Tentacool	40	40	35	50	100	70	1	False	Patch 1	Water-Poison
579	65	Arcanine	90	110	80	100	80	95	1	False	Patch 1	Fire
580	80	Tentacruel	80	70	65	80	120	100	1	False	Patch 1	Water-Poison
581	552	Shaymin Sky Forme	100	103	75	120	75	127	4	True	Patch 1	Grass-Flying
582	559	Pignite	90	93	55	70	55	55	5	False	Patch 1	Fire-Fighting
583	355	Mega Camerupt	70	120	100	145	105	20	3	False	Patch 1	Fire-Ground
584	191	Togetic	55	40	85	80	105	40	2	False	Patch 1	Fairy-Flying
585	358	Grumpig	80	45	65	90	110	80	3	False	Patch 1	Psychic
586	362	Flygon	80	100	80	80	80	100	3	False	Patch 1	Ground-Dragon
587	50	Gloom	60	65	70	85	75	40	1	False	Patch 1	Grass-Poison
588	473	Drifloon	90	50	34	60	44	70	4	False	Patch 1	Ghost-Flying
589	799	Hoopa Unbound	80	160	60	170	130	80	6	True	Patch 1	Psychic-Dark
590	577	Munna	76	25	45	67	55	24	5	False	Patch 1	Psychic
591	36	Nidorina	70	62	67	55	55	56	1	False	Patch 1	Poison
592	563	Samurott	95	100	85	108	70	70	5	False	Patch 1	Water
593	402	Clamperl	35	64	85	74	55	32	3	False	Patch 1	Water
594	781	Pumpkaboo Average Size	49	66	70	44	55	51	6	False	Patch 1	Ghost-Grass
595	125	Mega Kangaskhan	105	125	100	60	100	100	1	False	Patch 1	Normal
596	446	Bibarel	79	85	60	55	60	71	4	False	Patch 1	Normal-Water
597	742	Gogoat	123	100	62	97	81	68	6	False	Patch 1	Grass
598	464	Vespiquen	70	80	102	80	102	40	4	False	Patch 1	Bug-Flying
599	773	Dedenne	67	58	57	81	67	101	6	False	Patch 1	Electric-Fairy
600	296	Ludicolo	80	70	70	90	100	70	3	False	Patch 1	Water-Grass
601	135	Electabuzz	65	83	57	95	85	105	1	False	Patch 1	Electric
602	686	Pawniard	45	85	70	40	40	60	5	False	Patch 1	Dark-Steel
603	441	Empoleon	84	86	88	111	101	60	4	False	Patch 1	Water-Steel
604	791	Noibat	40	30	35	45	40	55	6	False	Patch 1	Flying-Dragon
605	168	Bayleef	60	62	80	63	80	60	2	False	Patch 1	Grass
606	154	Aerodactyl	80	105	65	60	75	130	1	False	Patch 1	Rock-Flying
607	509	Mantyke	45	20	50	60	120	50	4	False	Patch 1	Water-Flying
608	71	Alakazam	55	50	45	135	95	120	1	False	Patch 1	Psychic
609	569	Purrloin	41	50	37	50	37	66	5	False	Patch 1	Dark
610	366	Altaria	75	70	90	70	105	80	3	False	Patch 1	Dragon-Flying
611	300	Taillow	40	55	30	30	30	85	3	False	Patch 1	Normal-Flying
612	800	Volcanion	80	110	120	130	90	70	6	True	Patch 1	Fire-Water
613	412	Metang	60	75	100	55	80	50	3	False	Patch 1	Steel-Psychic
614	681	Mienfoo	45	85	50	55	50	65	5	False	Patch 1	Fighting
615	620	Crustle	70	95	125	65	75	45	5	False	Patch 1	Bug-Rock
616	657	Joltik	50	47	50	57	50	65	5	False	Patch 1	Bug-Electric
617	725	Froakie	41	56	40	62	44	71	6	False	Patch 1	Water
618	497	Riolu	40	70	40	35	40	60	4	False	Patch 1	Fighting
619	650	Karrablast	50	75	45	40	45	60	5	False	Patch 1	Bug
620	41	Clefairy	70	45	48	60	65	35	1	False	Patch 1	Fairy
621	85	Rapidash	65	100	70	80	80	105	1	False	Patch 1	Fire
622	669	Litwick	50	30	55	65	55	20	5	False	Patch 1	Ghost-Fire
623	107	Krabby	30	105	90	25	25	50	1	False	Patch 1	Water
624	138	Mega Pinsir	65	155	120	65	90	105	1	False	Patch 1	Bug-Flying
625	605	Whirlipede	40	55	99	40	79	47	5	False	Patch 1	Bug-Poison
626	356	Torkoal	70	85	140	85	70	20	3	False	Patch 1	Fire
627	794	Yveltal	126	131	95	131	98	99	6	True	Patch 1	Dark-Flying
628	9	Mega Charizard Y	78	104	78	159	115	100	1	False	Patch 1	Fire-Flying
629	504	Croagunk	48	61	40	61	40	50	4	False	Patch 1	Poison-Fighting
630	721	Chesnaught	88	107	122	74	75	64	6	False	Patch 1	Grass-Fighting
631	566	Lillipup	45	60	45	25	45	55	5	False	Patch 1	Normal
632	256	Tyrogue	35	35	35	35	35	35	2	False	Patch 1	Fighting
633	713	Kyurem White Kyurem	125	120	90	170	100	95	5	True	Patch 1	Dragon-Ice
634	348	Carvanha	45	90	20	65	20	65	3	False	Patch 1	Water-Dark
635	90	Magneton	50	60	95	120	70	70	1	False	Patch 1	Electric-Steel
636	667	Elgyem	55	55	55	85	55	30	5	False	Patch 1	Psychic
637	315	Nincada	31	45	90	30	30	40	3	False	Patch 1	Bug-Ground
638	687	Bisharp	65	125	100	60	70	70	5	False	Patch 1	Dark-Steel
639	393	Absol	65	130	60	75	60	75	3	False	Patch 1	Dark
640	290	Silcoon	50	35	55	25	25	15	3	False	Patch 1	Bug
641	207	Sunkern	30	30	30	30	30	30	2	False	Patch 1	Grass
642	580	Tranquill	62	77	62	50	42	65	5	False	Patch 1	Normal-Flying
643	34	Sandslash	75	100	110	45	55	65	1	False	Patch 1	Ground
644	52	Paras	35	70	55	45	55	25	1	False	Patch 1	Bug-Grass
645	277	Torchic	45	60	40	70	50	45	3	False	Patch 1	Fire
646	678	Shelmet	50	40	85	40	65	25	5	False	Patch 1	Bug
647	757	Inkay	53	54	53	37	46	45	6	False	Patch 1	Dark-Psychic
648	48	Golbat	75	80	70	65	75	90	1	False	Patch 1	Poison-Flying
649	649	Emolga	55	75	60	75	60	103	5	False	Patch 1	Electric-Flying
650	596	Tympole	50	50	40	50	40	64	5	False	Patch 1	Water
651	81	Geodude	40	80	100	30	30	20	1	False	Patch 1	Rock-Ground
652	60	Psyduck	50	52	48	65	50	55	1	False	Patch 1	Water
653	365	Swablu	45	40	60	40	75	50	3	False	Patch 1	Normal-Flying
654	53	Parasect	60	95	80	60	80	30	1	False	Patch 1	Bug-Grass
655	353	Numel	60	60	40	65	45	35	3	False	Patch 1	Fire-Ground
656	182	Spinarak	40	60	40	40	40	30	2	False	Patch 1	Bug-Poison
657	480	Glameow	49	55	42	42	37	85	4	False	Patch 1	Normal
658	697	Hydreigon	92	105	90	125	90	98	5	False	Patch 1	Dark-Dragon
659	780	Trevenant	85	110	76	65	82	56	6	False	Patch 1	Ghost-Grass
660	264	Entei	115	115	85	90	75	100	2	True	Patch 1	Fire
661	522	Leafeon	65	110	130	60	65	95	4	False	Patch 1	Grass
662	75	Machamp	90	130	80	65	85	55	1	False	Patch 1	Fighting
663	689	Rufflet	70	83	50	37	50	60	5	False	Patch 1	Normal-Flying
664	305	Kirlia	38	35	35	65	55	50	3	False	Patch 1	Psychic-Fairy
665	432	Deoxys Speed Forme	50	95	90	95	90	180	3	True	Patch 1	Psychic
666	233	Mega Heracross	80	185	115	40	105	75	2	False	Patch 1	Bug-Fighting
667	19	Beedrill	65	90	40	45	80	75	1	False	Patch 1	Bug-Poison
668	524	Gliscor	75	95	125	45	75	95	4	False	Patch 1	Ground-Flying
669	323	Azurill	50	20	40	20	40	20	3	False	Patch 1	Normal-Fairy
670	210	Wooper	55	45	45	25	25	15	2	False	Patch 1	Water-Ground
671	536	Fan Rotom	50	65	107	105	107	86	4	False	Patch 1	Electric-Flying
672	470	Shellos	76	48	48	57	62	34	4	False	Patch 1	Water
673	573	Pansear	50	53	48	53	48	64	5	False	Patch 1	Fire
674	452	Budew	40	30	35	50	70	55	4	False	Patch 1	Grass-Poison
675	278	Combusken	60	85	60	85	60	55	3	False	Patch 1	Fire-Fighting
676	13	Mega Blastoise	79	103	120	135	115	78	1	False	Patch 1	Water
677	26	Raticate	55	81	60	50	70	97	1	False	Patch 1	Normal
678	554	Victini	100	100	100	100	100	100	5	True	Patch 1	Psychic-Fire
679	201	Sudowoodo	70	100	115	30	65	30	2	False	Patch 1	Rock
680	514	Magnezone	70	70	115	130	90	60	4	False	Patch 1	Electric-Steel
681	534	Wash Rotom	50	65	107	105	107	86	4	False	Patch 1	Electric-Water
682	718	Genesect	71	120	95	120	95	99	5	False	Patch 1	Bug-Steel
683	478	Mismagius	60	60	60	105	105	105	4	False	Patch 1	Ghost
684	76	Bellsprout	50	75	35	70	30	40	1	False	Patch 1	Grass-Poison
685	433	Turtwig	55	68	64	45	55	31	4	False	Patch 1	Grass
686	120	Rhyhorn	80	85	95	30	30	25	1	False	Patch 1	Ground-Rock
687	798	Hoopa Confined	80	110	60	150	130	70	6	True	Patch 1	Psychic-Ghost
688	302	Wingull	40	30	30	55	30	85	3	False	Patch 1	Water-Flying
689	730	Fletchling	45	50	43	40	38	62	6	False	Patch 1	Normal-Flying
690	232	Heracross	80	125	75	40	95	85	2	False	Patch 1	Bug-Fighting
691	465	Pachirisu	60	45	70	45	90	95	4	False	Patch 1	Electric
692	553	Arceus	120	120	120	120	120	120	4	True	Patch 1	Normal
693	119	Weezing	65	90	120	85	70	60	1	False	Patch 1	Poison
694	760	Barbaracle	72	105	115	54	86	68	6	False	Patch 1	Rock-Water
695	64	Growlithe	55	70	45	70	50	60	1	False	Patch 1	Fire
696	564	Patrat	45	55	39	35	39	42	5	False	Patch 1	Normal
697	597	Palpitoad	75	65	55	65	55	69	5	False	Patch 1	Water-Ground
698	257	Hitmontop	50	95	95	35	110	70	2	False	Patch 1	Fighting
699	695	Deino	52	65	50	45	50	38	5	False	Patch 1	Dark-Dragon
700	5	Charmander	39	52	43	60	50	65	1	False	Patch 1	Fire
701	712	Kyurem Black Kyurem	125	170	100	120	90	95	5	True	Patch 1	Dragon-Ice
702	354	Camerupt	70	100	70	105	75	40	3	False	Patch 1	Fire-Ground
703	518	Electivire	75	123	67	95	85	95	4	False	Patch 1	Electric
704	280	Mega Blaziken	80	160	80	130	80	100	3	False	Patch 1	Fire-Fighting
705	538	Uxie	75	75	130	75	130	95	4	True	Patch 1	Psychic
706	591	Audino	103	60	86	60	86	50	5	False	Patch 1	Normal
707	455	Rampardos	97	165	60	65	50	58	4	False	Patch 1	Rock
708	585	Boldore	70	105	105	50	40	20	5	False	Patch 1	Rock
709	368	Zangoose	73	115	60	60	60	90	3	False	Patch 1	Normal
710	758	Malamar	86	92	88	68	75	73	6	False	Patch 1	Dark-Psychic
711	152	Kabuto	30	80	90	55	45	55	1	False	Patch 1	Rock-Water
712	618	Maractus	75	86	67	106	67	60	5	False	Patch 1	Grass
713	363	Cacnea	50	85	40	85	40	35	3	False	Patch 1	Grass
714	621	Scraggy	50	75	70	35	70	48	5	False	Patch 1	Dark-Fighting
715	654	Frillish	55	40	50	65	85	40	5	False	Patch 1	Water-Ghost
716	251	Phanpy	90	60	60	40	40	40	2	False	Patch 1	Ground
717	122	Chansey	250	5	5	35	105	50	1	False	Patch 1	Normal
718	772	Hawlucha	78	92	75	74	63	118	6	False	Patch 1	Fighting-Flying
719	379	Cradily	86	81	97	81	107	43	3	False	Patch 1	Rock-Grass
720	525	Mamoswine	110	130	80	70	60	80	4	False	Patch 1	Ice-Ground
721	39	Nidorino	61	72	57	55	55	65	1	False	Patch 1	Poison
722	701	Terrakion	91	129	90	72	90	108	5	True	Patch 1	Rock-Fighting
723	776	Sliggoo	68	75	53	83	113	60	6	False	Patch 1	Dragon
724	12	Blastoise	79	83	100	85	105	78	1	False	Patch 1	Water
725	7	Charizard	78	84	78	109	85	100	1	False	Patch 1	Fire-Flying
726	258	Smoochum	45	30	15	85	65	65	2	False	Patch 1	Ice-Psychic
727	616	Darmanitan Standard Mode	105	140	55	30	55	95	5	False	Patch 1	Fire
728	157	Articuno	90	85	100	95	125	85	1	True	Patch 1	Ice-Flying
729	702	Virizion	91	90	72	90	129	108	5	True	Patch 1	Grass-Fighting
730	148	Flareon	65	130	60	95	110	65	1	False	Patch 1	Fire
731	639	Solosis	45	30	40	105	50	20	5	False	Patch 1	Psychic
732	335	Meditite	30	40	55	40	55	60	3	False	Patch 1	Fighting-Psychic
733	587	Woobat	55	45	43	55	43	72	5	False	Patch 1	Psychic-Flying
734	332	Lairon	60	90	140	50	50	40	3	False	Patch 1	Steel-Rock
735	61	Golduck	80	82	78	95	80	85	1	False	Patch 1	Water
736	568	Stoutland	85	110	90	45	90	80	5	False	Patch 1	Normal
737	545	Giratina Altered Forme	150	100	120	100	120	90	4	True	Patch 1	Ghost-Dragon
738	513	Weavile	70	120	65	45	85	125	4	False	Patch 1	Dark-Ice
739	778	Klefki	57	80	91	80	87	75	6	False	Patch 1	Steel-Fairy
740	648	Sawsbuck	80	100	70	60	70	95	5	False	Patch 1	Normal-Grass
741	281	Mudkip	50	70	50	50	50	40	3	False	Patch 1	Water
742	642	Ducklett	62	44	50	44	50	55	5	False	Patch 1	Water-Flying
743	442	Starly	40	55	30	30	30	60	4	False	Patch 1	Normal-Flying
744	394	Mega Absol	65	150	60	115	60	115	3	False	Patch 1	Dark
745	383	Milotic	95	60	79	100	125	81	3	False	Patch 1	Water
746	260	Magby	45	75	37	70	55	83	2	False	Patch 1	Fire
747	653	Amoonguss	114	85	70	85	80	30	5	False	Patch 1	Grass-Poison
748	544	Regigigas	110	160	110	80	110	100	4	True	Patch 1	Normal
749	413	Metagross	80	135	130	95	90	70	3	False	Patch 1	Steel-Psychic
750	403	Huntail	55	104	105	94	75	52	3	False	Patch 1	Water
751	175	Feraligatr	85	105	100	79	83	78	2	False	Patch 1	Water
752	652	Foongus	69	55	45	55	55	15	5	False	Patch 1	Grass-Poison
753	381	Armaldo	75	125	100	70	80	45	3	False	Patch 1	Rock-Bug
754	463	Combee	30	30	42	30	42	70	4	False	Patch 1	Bug-Flying
755	93	Dodrio	60	110	70	60	60	100	1	False	Patch 1	Normal-Flying
756	422	Kyogre	100	100	90	150	140	90	3	True	Patch 1	Water
757	510	Snover	60	62	50	62	60	40	4	False	Patch 1	Grass-Ice
758	490	Chatot	76	65	45	92	42	91	4	False	Patch 1	Normal-Flying
759	429	Deoxys Normal Forme	50	150	50	150	50	150	3	True	Patch 1	Psychic
760	606	Scolipede	60	100	89	55	69	112	5	False	Patch 1	Bug-Poison
761	369	Seviper	73	100	60	100	60	65	3	False	Patch 1	Poison
762	370	Lunatone	70	55	65	95	85	70	3	False	Patch 1	Rock-Psychic
763	546	Giratina Origin Forme	150	120	100	120	100	90	4	True	Patch 1	Ghost-Dragon
764	178	Hoothoot	60	30	30	36	56	50	2	False	Patch 1	Normal-Flying
765	715	Keldeo Resolute Forme	91	72	90	129	90	108	5	False	Patch 1	Water-Fighting
766	600	Sawk	75	125	75	30	75	85	5	False	Patch 1	Fighting
767	25	Rattata	30	56	35	25	35	72	1	False	Patch 1	Normal
768	640	Duosion	65	40	50	125	60	30	5	False	Patch 1	Psychic
769	270	Lugia	106	90	130	90	154	110	2	True	Patch 1	Psychic-Flying
770	230	Mega Scizor	70	150	140	65	100	75	2	False	Patch 1	Bug-Steel
771	746	Espurr	62	48	54	63	60	68	6	False	Patch 1	Psychic
772	409	Salamence	95	135	80	110	80	100	3	False	Patch 1	Dragon-Flying
773	549	Manaphy	100	100	100	100	100	100	4	False	Patch 1	Water
774	126	Horsea	30	40	70	70	25	60	1	False	Patch 1	Water
775	445	Bidoof	59	45	40	35	40	31	4	False	Patch 1	Normal
776	603	Leavanny	75	103	80	70	80	92	5	False	Patch 1	Bug-Grass
777	95	Dewgong	90	70	80	70	95	70	1	False	Patch 1	Water-Ice
778	87	Slowbro	95	75	110	100	80	30	1	False	Patch 1	Water-Psychic
779	728	Bunnelby	38	36	38	32	36	57	6	False	Patch 1	Normal
780	664	Tynamo	35	55	40	45	40	60	5	False	Patch 1	Electric
781	170	Cyndaquil	39	52	43	60	50	65	2	False	Patch 1	Fire
782	634	Minccino	55	50	40	40	40	75	5	False	Patch 1	Normal
783	352	Wailord	170	90	45	90	45	60	3	False	Patch 1	Water
784	679	Accelgor	80	70	40	100	60	145	5	False	Patch 1	Bug
785	176	Sentret	35	46	34	35	45	20	2	False	Patch 1	Normal
786	615	Darumaka	70	90	45	15	45	50	5	False	Patch 1	Fire
787	489	Happiny	100	5	5	15	65	30	4	False	Patch 1	Normal
788	765	Helioptile	44	38	33	61	43	70	6	False	Patch 1	Electric-Normal
789	174	Croconaw	65	80	80	59	63	58	2	False	Patch 1	Water
790	213	Umbreon	95	65	110	60	130	65	2	False	Patch 1	Dark
791	542	Palkia	90	120	100	150	120	100	4	True	Patch 1	Water-Dragon
792	68	Poliwrath	90	95	95	70	90	70	1	False	Patch 1	Water-Fighting
793	417	Registeel	80	75	150	75	150	50	3	True	Patch 1	Steel
794	181	Ledian	55	35	50	55	110	85	2	False	Patch 1	Bug-Flying
795	217	Unown	48	72	48	72	48	48	2	False	Patch 1	Psychic
796	303	Pelipper	60	50	100	85	70	65	3	False	Patch 1	Water-Flying
797	367	Mega Altaria	75	110	110	110	105	80	3	False	Patch 1	Dragon-Fairy
798	662	Klang	60	80	95	70	85	50	5	False	Patch 1	Steel
799	578	Musharna	116	55	85	107	95	29	5	False	Patch 1	Psychic
800	2		60	62	63	80	80	60	1	False	Patch 1	Grass-Poison
801	297	Seedot	40	40	50	30	30	30	3	False	Patch 1	Grass
802	253	Porygon2	85	80	90	105	95	60	2	False	Patch 1	Normal
